<?xml version="1.0" encoding="UTF-8" standalone="yes"?>
<addon id="plugin.video.redpill" name="The [COLOR red]Red[/COLOR] Pill" version="2017.04.29.03" provider-name="SchisM">  
	<requires>    
		<import addon="xbmc.python" version="2.1.0"/>    
		<import addon="script.module.beautifulsoup"/>		
		<import version="3.0.0" addon="script.module.urlresolver"/>
	</requires>  
	<extension point="xbmc.python.pluginsource" library="redpill.py">        
		<provides>video</provides>  
	</extension>  
	<extension point="xbmc.addon.metadata">    
			<summary lang="en">Open your mind...</summary>    
			<description lang="en">Open your mind with a large selection of documentary movies</description>
			<disclaimer lang="en">The author does not host or distribute any of the content displayed by this add-on</disclaimer>
			
			<platform>all</platform>  
	</extension>
</addon>